id,first_name,last_name,email,gender,ip_address
1,Filberto,Lawland,flawland0@tumblr.com,Male,63.111.211.18
2,Ruthy,Delepine,rdelepine1@mediafire.com,Female,74.61.138.236
3,Kristofer,Tolworth,ktolworth2@ask.com,Male,251.92.56.221
4,Miranda,Copperwaite,mcopperwaite3@timesonline.co.uk,Bigender,136.162.156.79
5,Josselyn,Batter,jbatter4@mysql.com,Female,34.10.84.45
6,Lorant,Cregeen,lcregeen5@paypal.com,Male,247.154.67.215
7,Barrett,Wannes,bwannes6@drupal.org,Male,70.120.221.199
8,Silvie,Vautrey,svautrey7@drupal.org,Female,249.216.130.119
9,Harmon,McCulley,hmcculley8@state.tx.us,Male,165.197.47.229
10,Stafford,Spyby,sspyby9@goo.gl,Male,95.244.173.126
11,Shayne,Stockings,sstockingsa@foxnews.com,Female,189.71.195.152
12,Persis,Brightey,pbrighteyb@nifty.com,Female,41.184.3.123
13,Giffy,McFayden,gmcfaydenc@prnewswire.com,Male,96.189.74.69
14,Deerdre,Romain,dromaind@jalbum.net,Female,197.61.251.139
15,Gunar,Double,gdoublee@epa.gov,Male,231.4.216.148
16,Babbette,Goozee,bgoozeef@wordpress.com,Female,19.56.211.90
17,Guglielmo,Laydon,glaydong@ow.ly,Male,162.26.109.36
18,Sadie,Tofpik,stofpikh@aol.com,Female,35.41.250.253
19,Galvan,Riccardi,griccardii@skyrock.com,Male,82.93.113.71
20,Tobit,Cocke,tcockej@merriam-webster.com,Male,189.77.28.243
21,Percy,Newstead,pnewsteadk@storify.com,Male,76.26.30.181
22,Xavier,Tenney,xtenneyl@hhs.gov,Male,113.150.50.161
23,Catlaina,Huntall,chuntallm@jalbum.net,Female,77.198.167.227
24,Genni,Queenborough,gqueenboroughn@ask.com,Female,194.43.220.119
25,Krystyna,Starbeck,kstarbecko@twitter.com,Female,28.48.23.115
26,Marmaduke,Manicom,mmanicomp@forbes.com,Male,115.97.126.63
27,Riccardo,Sprott,rsprottq@mysql.com,Male,30.94.46.136
28,Kasper,Tregenna,ktregennar@biblegateway.com,Male,37.8.170.50
29,Tommie,Whapham,twhaphams@netlog.com,Female,167.239.23.108
30,Lesly,Licence,llicencet@tripadvisor.com,Female,226.170.22.93
31,Kakalina,Thurley,kthurleyu@deviantart.com,Female,58.55.21.42
32,Alick,Lightbody,alightbodyv@liveinternet.ru,Bigender,40.93.28.215
33,Brynna,Knobell,bknobellw@theguardian.com,Female,44.139.125.147
34,Ringo,Darrington,rdarringtonx@redcross.org,Male,35.110.109.17
35,Quill,Laux,qlauxy@bluehost.com,Male,223.76.204.159
36,Sarina,Collete,scolletez@youku.com,Female,177.164.90.125
37,Bendicty,Ledwith,bledwith10@baidu.com,Male,228.138.47.55
38,Frederick,Dorkins,fdorkins11@disqus.com,Genderqueer,62.29.26.225
39,Margarette,Windham,mwindham12@shutterfly.com,Female,7.122.29.248
40,Clark,Cobelli,ccobelli13@rambler.ru,Male,100.177.204.1
41,Carmella,Murcutt,cmurcutt14@shareasale.com,Female,67.76.227.34
42,Clarissa,MacDonagh,cmacdonagh15@delicious.com,Female,128.249.101.210
43,Chariot,Real,creal16@people.com.cn,Male,44.200.1.89
44,Isahella,Burghall,iburghall17@oakley.com,Female,84.222.172.179
45,Martynne,Childs,mchilds18@huffingtonpost.com,Female,37.50.45.252
46,Jordana,Schankelborg,jschankelborg19@cyberchimps.com,Female,85.113.217.37
47,Ewan,Eickhoff,eeickhoff1a@java.com,Bigender,158.30.132.120
48,Natasha,Lovie,nlovie1b@cdc.gov,Female,163.8.139.97
49,Arabel,Episcopio,aepiscopio1c@senate.gov,Female,72.65.214.151
50,Alec,Galland,agalland1d@hibu.com,Male,247.116.143.219
51,Etti,Newburn,enewburn1e@miibeian.gov.cn,Female,55.216.55.190
52,Marlo,McCoish,mmccoish1f@ebay.co.uk,Male,106.211.122.241
53,Pammie,Garham,pgarham1g@123-reg.co.uk,Female,210.164.100.252
54,Derward,Pitsall,dpitsall1h@hp.com,Male,139.21.245.207
55,Nolana,Graver,ngraver1i@indiegogo.com,Female,118.197.93.191
56,Claire,Flaws,cflaws1j@dyndns.org,Female,36.27.124.113
57,Winnie,Atling,watling1k@cbslocal.com,Bigender,15.197.38.12
58,Ingrim,Ballentime,iballentime1l@boston.com,Male,33.51.171.60
59,Taber,Dodding,tdodding1m@epa.gov,Male,46.173.38.53
60,Ursala,Terron,uterron1n@reuters.com,Female,231.4.97.105
61,Donaugh,Ellissen,dellissen1o@weebly.com,Male,234.125.12.216
62,Arnoldo,Copeman,acopeman1p@privacy.gov.au,Male,199.117.151.70
63,Liana,Fellona,lfellona1q@123-reg.co.uk,Female,23.53.81.156
64,Sheree,Brabin,sbrabin1r@craigslist.org,Female,42.159.57.144
65,Reed,Risson,rrisson1s@npr.org,Male,8.197.31.75
66,Panchito,Verdy,pverdy1t@whitehouse.gov,Male,9.247.179.186
67,Hasty,Piotr,hpiotr1u@feedburner.com,Male,115.50.136.88
68,Beverie,Tams,btams1v@sina.com.cn,Bigender,219.37.47.166
69,Cthrine,Fance,cfance1w@so-net.ne.jp,Female,165.243.239.14
70,Claiborn,Serotsky,cserotsky1x@wsj.com,Male,190.181.155.136
71,Truda,Klasen,tklasen1y@abc.net.au,Female,57.23.58.3
72,Carolann,Urrey,currey1z@pcworld.com,Female,209.162.195.81
73,Lyda,O'Heyne,loheyne20@sitemeter.com,Female,117.98.8.220
74,Mercy,Struis,mstruis21@bloomberg.com,Female,212.42.119.121
75,Lindy,Ruslin,lruslin22@china.com.cn,Male,225.78.137.145
76,Zack,Ruoss,zruoss23@cnbc.com,Male,21.148.144.212
77,Tommy,Gadsdon,tgadsdon24@privacy.gov.au,Male,210.211.184.163
78,Jacenta,Rettie,jrettie25@artisteer.com,Female,81.126.131.154
79,Brynna,MacHarg,bmacharg26@dailymail.co.uk,Polygender,174.196.222.251
80,Phylis,Reichartz,preichartz27@flickr.com,Female,202.58.112.120
81,Agustin,Patesel,apatesel28@reverbnation.com,Male,189.189.34.128
82,Berne,Mash,bmash29@statcounter.com,Male,163.198.55.125
83,Mendel,Kenion,mkenion2a@wisc.edu,Male,230.87.69.69
84,Teador,McComish,tmccomish2b@dyndns.org,Bigender,72.52.55.178
85,Josephina,Shapero,jshapero2c@senate.gov,Female,32.147.218.26
86,Ellen,Briar,ebriar2d@blog.com,Female,35.31.47.34
87,Stu,Gallahue,sgallahue2e@utexas.edu,Male,0.14.214.221
88,Staffard,Pilbeam,spilbeam2f@adobe.com,Bigender,154.193.218.168
89,Nikolaos,Haddick,nhaddick2g@51.la,Male,89.94.184.87
90,Bev,Gouldsmith,bgouldsmith2h@salon.com,Male,170.79.94.238
91,Romeo,Adney,radney2i@hostgator.com,Male,6.241.77.184
92,Sandro,Veel,sveel2j@stumbleupon.com,Male,70.174.217.41
93,De,Janczewski,djanczewski2k@amazon.com,Female,89.105.200.174
94,Renate,Adamek,radamek2l@theguardian.com,Female,227.140.132.83
95,Mortimer,Boadby,mboadby2m@dell.com,Male,57.134.110.21
96,Katey,Papaminas,kpapaminas2n@jugem.jp,Female,28.153.195.15
97,Morgana,Stainton - Skinn,mstaintonskinn2o@newyorker.com,Female,130.241.213.226
98,Mahalia,McVittie,mmcvittie2p@booking.com,Female,187.220.42.254
99,Palmer,Scroyton,pscroyton2q@ovh.net,Male,135.168.104.157
100,Fredrika,Monkhouse,fmonkhouse2r@plala.or.jp,Female,144.184.60.229
101,Kassi,Kynge,kkynge2s@dell.com,Female,255.22.147.61
102,Danika,Di Giacomo,ddigiacomo2t@chronoengine.com,Female,145.1.166.236
103,Trixi,De Hailes,tdehailes2u@weebly.com,Female,45.27.236.22
104,Marco,Stenning,mstenning2v@mapy.cz,Male,229.27.96.19
105,Dannye,Hopkynson,dhopkynson2w@t.co,Female,17.154.153.111
106,Adrianna,MacIan,amacian2x@xrea.com,Female,48.174.80.117
107,Karlotte,Hully,khully2y@stanford.edu,Female,145.246.44.166
108,Gothart,Bennetto,gbennetto2z@cmu.edu,Male,235.183.176.254
109,Valencia,Whiteoak,vwhiteoak30@census.gov,Female,45.104.211.39
110,Dorice,McCoveney,dmccoveney31@weebly.com,Female,195.44.15.159
111,Heidi,Blowers,hblowers32@acquirethisname.com,Female,81.76.69.32
112,Adiana,Dellenty,adellenty33@cbslocal.com,Female,231.78.228.123
113,Hermia,Rotham,hrotham34@theatlantic.com,Female,59.119.198.74
114,Myca,Murtimer,mmurtimer35@sakura.ne.jp,Male,89.142.232.147
115,Karoly,Laughren,klaughren36@kickstarter.com,Male,242.150.170.103
116,Janette,Fanshawe,jfanshawe37@utexas.edu,Female,58.212.88.123
117,Ricoriki,Zealey,rzealey38@netvibes.com,Male,39.252.21.203
118,Tressa,Brugh,tbrugh39@senate.gov,Female,65.156.119.24
119,Maynard,Zanardii,mzanardii3a@cisco.com,Male,171.24.196.253
120,Fulvia,Ree,free3b@chron.com,Genderqueer,172.105.77.116
121,Maryl,Dudson,mdudson3c@yahoo.com,Female,246.199.247.114
122,Julietta,Byng,jbyng3d@oaic.gov.au,Female,59.0.33.173
123,Udale,Sturge,usturge3e@cmu.edu,Male,231.123.129.147
124,Denny,Foli,dfoli3f@cocolog-nifty.com,Female,5.202.252.66
125,Leeland,Merali,lmerali3g@tripadvisor.com,Male,2.62.14.54
126,Loralie,Leighton,lleighton3h@storify.com,Female,113.16.60.115
127,Aube,Minchinton,aminchinton3i@tiny.cc,Male,202.236.247.205
128,Noah,Lettice,nlettice3j@multiply.com,Male,55.222.59.251
129,Nataniel,Whewill,nwhewill3k@netlog.com,Male,216.218.193.43
130,Kati,Praundl,kpraundl3l@naver.com,Female,108.31.54.47
131,Abbot,Brightling,abrightling3m@epa.gov,Male,124.132.118.104
132,Leeland,Boggish,lboggish3n@example.com,Male,224.13.143.249
133,Latrina,Witcher,lwitcher3o@discovery.com,Female,149.219.198.140
134,Tabbitha,Pulbrook,tpulbrook3p@bloomberg.com,Female,153.29.63.160
135,Christy,Rosenzwig,crosenzwig3q@seattletimes.com,Female,156.10.239.128
136,Bryna,Tettley,btettley3r@slideshare.net,Agender,170.159.32.137
137,Victor,Pudden,vpudden3s@seesaa.net,Male,27.49.244.183
138,Aaren,Imort,aimort3t@mayoclinic.com,Female,133.78.252.111
139,Michail,Naismith,mnaismith3u@imgur.com,Male,27.62.198.55
140,Zelig,Aspey,zaspey3v@ifeng.com,Male,239.16.240.213
141,Larisa,Laviste,llaviste3w@drupal.org,Female,112.79.119.30
142,Onofredo,Lote,olote3x@mozilla.org,Male,233.183.224.127
143,Melesa,Goracci,mgoracci3y@google.fr,Female,176.142.49.249
144,Pate,Coolahan,pcoolahan3z@mail.ru,Male,142.76.41.145
145,Bailie,Burris,bburris40@wix.com,Male,141.30.183.214
146,Christoper,Poter,cpoter41@miibeian.gov.cn,Male,147.56.127.234
147,La verne,Skeldinge,lskeldinge42@myspace.com,Female,70.145.4.235
148,Maye,Baldocci,mbaldocci43@unc.edu,Genderqueer,199.63.77.232
149,Shannon,Neissen,sneissen44@desdev.cn,Male,252.51.183.16
150,Thorn,Gencke,tgencke45@ow.ly,Male,151.57.106.64
151,Joane,Gilks,jgilks46@wordpress.com,Female,253.139.72.215
152,Hedi,Doddemeede,hdoddemeede47@nyu.edu,Agender,118.63.158.238
153,Wood,Ironmonger,wironmonger48@miitbeian.gov.cn,Male,200.178.23.33
154,Jess,Creak,jcreak49@360.cn,Male,215.165.219.85
155,Web,Beisley,wbeisley4a@guardian.co.uk,Polygender,164.212.146.107
156,Sibella,Ernke,sernke4b@google.com.au,Non-binary,75.233.157.62
157,Velvet,Primo,vprimo4c@redcross.org,Female,172.177.199.88
158,Dionis,Cram,dcram4d@wordpress.com,Female,100.42.65.254
159,Nelli,Fayerman,nfayerman4e@fastcompany.com,Female,233.211.52.24
160,Erinna,Westman,ewestman4f@lycos.com,Female,216.206.4.6
161,Vidovic,McShirrie,vmcshirrie4g@virginia.edu,Male,197.91.80.171
162,Orren,Vanezis,ovanezis4h@spiegel.de,Male,101.81.147.227
163,Dina,Spraberry,dspraberry4i@myspace.com,Female,250.8.159.147
164,Allard,Agerskow,aagerskow4j@digg.com,Male,202.74.116.120
165,Aloise,Dullingham,adullingham4k@dell.com,Female,106.55.235.226
166,Flossy,Ralston,fralston4l@newyorker.com,Female,221.195.65.52
167,Frederico,Belfit,fbelfit4m@lycos.com,Male,138.219.238.51
168,Chrotoem,Kyle,ckyle4n@patch.com,Male,188.43.132.209
169,Carlie,Seson,cseson4o@shutterfly.com,Female,203.114.113.142
170,Ogdan,Faldo,ofaldo4p@weebly.com,Male,232.74.79.151
171,Ignacio,Denny,idenny4q@google.cn,Male,168.67.36.29
172,Essa,Mackin,emackin4r@japanpost.jp,Female,111.16.146.8
173,Cristobal,Charleston,ccharleston4s@gmpg.org,Male,16.97.165.167
174,Nolana,Ferrino,nferrino4t@indiegogo.com,Female,241.83.129.211
175,Hale,Middlemass,hmiddlemass4u@google.es,Male,213.163.188.42
176,Teresita,Downes,tdownes4v@de.vu,Female,64.38.133.57
177,Bartholomew,Ferney,bferney4w@huffingtonpost.com,Male,69.26.89.33
178,Billie,Castelin,bcastelin4x@hhs.gov,Female,214.151.243.17
179,Wyatt,Cominello,wcominello4y@freewebs.com,Male,202.222.86.143
180,Karlee,Flowerdew,kflowerdew4z@abc.net.au,Female,140.165.30.66
181,Conn,Divisek,cdivisek50@cisco.com,Male,253.149.133.100
182,Lind,Duro,lduro51@buzzfeed.com,Male,40.222.121.252
183,Chickie,Ennion,cennion52@bigcartel.com,Agender,122.47.55.241
184,Bryana,Llop,bllop53@nih.gov,Female,156.179.24.34
185,Donna,Haliburton,dhaliburton54@techcrunch.com,Female,168.105.255.57
186,Dionisio,Tessington,dtessington55@thetimes.co.uk,Male,159.10.202.250
187,Dagny,Grim,dgrim56@chron.com,Male,250.41.211.88
188,Zola,Frostdicke,zfrostdicke57@vimeo.com,Female,10.235.30.48
189,Anny,Danson,adanson58@etsy.com,Genderfluid,20.213.19.46
190,Maynord,Nibley,mnibley59@zimbio.com,Genderqueer,197.251.105.105
191,Ina,Bartusek,ibartusek5a@boston.com,Non-binary,80.97.239.142
192,Britney,Southby,bsouthby5b@washington.edu,Female,34.135.97.54
193,Archy,Deadman,adeadman5c@google.com,Male,173.148.183.194
194,Sella,Cartan,scartan5d@engadget.com,Female,215.233.190.33
195,Jerald,Wardall,jwardall5e@gravatar.com,Male,117.124.230.40
196,Reece,Depport,rdepport5f@slate.com,Male,222.138.14.138
197,Lyle,Rains,lrains5g@microsoft.com,Male,75.51.226.55
198,Aila,Fiveash,afiveash5h@google.fr,Female,178.215.192.186
199,Papageno,Pretsell,ppretsell5i@blogspot.com,Male,6.183.182.128
200,Jourdain,Botfield,jbotfield5j@alexa.com,Male,253.85.11.120
201,Jany,Apps,japps5k@go.com,Female,118.168.229.33
202,Myrle,Bennen,mbennen5l@blogtalkradio.com,Female,201.16.102.159
203,Irene,Boddy,iboddy5m@miibeian.gov.cn,Female,196.95.146.245
204,Lexis,Monroe,lmonroe5n@webs.com,Female,115.216.12.215
205,Ingrid,Sharpus,isharpus5o@sciencedirect.com,Female,172.220.101.41
206,Camella,Sumnall,csumnall5p@sbwire.com,Female,239.240.157.42
207,Claudina,Gullefant,cgullefant5q@github.io,Female,149.79.56.74
208,Charline,Emmines,cemmines5r@dailymotion.com,Female,41.213.130.147
209,Taylor,Clashe,tclashe5s@godaddy.com,Male,75.16.5.189
210,Stephenie,Farrall,sfarrall5t@ftc.gov,Female,193.206.104.9
211,Audry,Pover,apover5u@cmu.edu,Female,193.162.8.253
212,Sergeant,Caller,scaller5v@auda.org.au,Male,162.25.108.93
213,Isis,Girodon,igirodon5w@themeforest.net,Female,80.95.187.158
214,Karoly,MacVanamy,kmacvanamy5x@phpbb.com,Female,113.78.220.189
215,Cecily,Gammel,cgammel5y@vinaora.com,Female,197.2.236.104
216,Melinde,Uwins,muwins5z@themeforest.net,Female,44.0.79.171
217,Amanda,Germon,agermon60@buzzfeed.com,Female,126.178.236.186
218,Alexandra,Keatley,akeatley61@army.mil,Female,243.86.3.188
219,Chickie,Moir,cmoir62@google.co.jp,Male,83.234.188.147
220,Sanson,Gavagan,sgavagan63@hostgator.com,Male,164.64.11.63
221,Henrik,Steffan,hsteffan64@flickr.com,Male,105.248.242.82
222,Rolfe,Bedlington,rbedlington65@twitter.com,Male,185.180.90.16
223,Sheryl,Colebrook,scolebrook66@hostgator.com,Female,112.58.69.152
224,Ilene,Scouler,iscouler67@narod.ru,Non-binary,227.140.50.99
225,Greggory,Cupper,gcupper68@chronoengine.com,Male,20.73.45.191
226,Marvin,Angood,mangood69@ifeng.com,Male,125.133.252.216
227,Bernarr,Matuszinski,bmatuszinski6a@liveinternet.ru,Male,82.182.206.124
228,Cordelia,Saddler,csaddler6b@drupal.org,Female,213.110.163.57
229,Skippie,McGuiness,smcguiness6c@freewebs.com,Male,70.138.74.222
230,Gussy,Hawlgarth,ghawlgarth6d@deliciousdays.com,Female,251.36.229.60
231,Ajay,Knath,aknath6e@chicagotribune.com,Female,91.29.39.59
232,Nell,Spaven,nspaven6f@issuu.com,Female,126.67.25.208
233,Henry,Pluthero,hpluthero6g@wordpress.org,Male,105.151.206.89
234,Cherey,Culmer,cculmer6h@prnewswire.com,Female,136.117.54.35
235,Dallas,Luebbert,dluebbert6i@is.gd,Male,196.116.29.196
236,Renie,Buff,rbuff6j@indiegogo.com,Bigender,187.241.125.5
237,Kimbell,Booton,kbooton6k@fc2.com,Male,28.110.1.179
238,Juliann,Olver,jolver6l@t.co,Female,180.15.168.178
239,Marion,Everington,meverington6m@ox.ac.uk,Male,174.11.201.185
240,Gay,Wigin,gwigin6n@bigcartel.com,Male,6.252.173.138
241,Gerri,Waszkiewicz,gwaszkiewicz6o@harvard.edu,Female,78.227.205.121
242,Murvyn,Orsman,morsman6p@miibeian.gov.cn,Male,119.196.166.218
243,Bobbie,Aubury,baubury6q@sina.com.cn,Male,243.36.102.239
244,Lyon,Chatters,lchatters6r@oakley.com,Male,183.215.179.245
245,Rozalin,Balfour,rbalfour6s@youku.com,Female,227.119.105.223
246,Patrizio,Demange,pdemange6t@weather.com,Male,222.64.233.57
247,Cthrine,Knappett,cknappett6u@blog.com,Female,50.18.101.137
248,Rafe,Arnopp,rarnopp6v@sphinn.com,Male,201.144.31.119
249,Carri,Dacre,cdacre6w@example.com,Female,0.99.62.58
250,Had,Gobert,hgobert6x@last.fm,Male,191.125.198.146
251,Cindie,Banaszewski,cbanaszewski6y@blinklist.com,Female,61.188.179.39
252,Sheryl,Vuitton,svuitton6z@hp.com,Genderfluid,51.196.230.191
253,Aurelea,Farrent,afarrent70@vimeo.com,Female,172.103.51.143
254,Nichole,Landis,nlandis71@angelfire.com,Female,183.138.151.12
255,Elicia,Finby,efinby72@dedecms.com,Genderqueer,96.88.128.78
256,Jarrett,Cane,jcane73@hostgator.com,Male,41.190.215.84
257,Maryellen,Shuttlewood,mshuttlewood74@ask.com,Female,56.65.57.198
258,Aubrey,McCawley,amccawley75@dailymail.co.uk,Male,7.117.47.170
259,Karel,Arnoult,karnoult76@prweb.com,Female,221.134.168.50
260,Erhart,Copner,ecopner77@nydailynews.com,Male,107.20.151.29
261,Riley,Setterfield,rsetterfield78@yahoo.co.jp,Male,137.27.118.197
262,Duane,Perott,dperott79@salon.com,Male,234.141.35.111
263,Adelbert,Screase,ascrease7a@soundcloud.com,Bigender,192.107.150.11
264,Crin,Meni,cmeni7b@ft.com,Female,206.44.104.250
265,Law,Palle,lpalle7c@bloglines.com,Male,205.154.92.219
266,Ardenia,Spencock,aspencock7d@wikispaces.com,Female,157.159.58.24
267,Alphonse,Sparshett,asparshett7e@earthlink.net,Male,28.254.196.251
268,Bobine,Amar,bamar7f@stumbleupon.com,Female,163.109.113.87
269,Jaquith,Torald,jtorald7g@yahoo.com,Female,75.107.209.17
270,Alf,Rizzardo,arizzardo7h@about.me,Male,33.85.57.139
271,Tymon,Alekseev,talekseev7i@facebook.com,Male,147.250.230.85
272,Renell,Pitman,rpitman7j@acquirethisname.com,Female,142.24.205.42
273,Ulrick,Sparshatt,usparshatt7k@aol.com,Male,186.112.89.145
274,Eleonore,Lund,elund7l@apple.com,Female,59.248.79.148
275,Fiona,Tolliday,ftolliday7m@technorati.com,Female,234.118.42.142
276,Moyra,Chestle,mchestle7n@salon.com,Female,15.32.88.11
277,Garnet,Dockery,gdockery7o@trellian.com,Female,245.138.217.109
278,Terry,Perham,tperham7p@reuters.com,Female,179.90.101.82
279,Ertha,Joanic,ejoanic7q@simplemachines.org,Female,52.175.90.129
280,Vladimir,Franek,vfranek7r@ask.com,Male,56.55.177.7
281,Indira,Catterson,icatterson7s@mapquest.com,Female,167.9.253.179
282,Randie,Towndrow,rtowndrow7t@uol.com.br,Bigender,80.67.37.126
283,Nettle,Oakton,noakton7u@nydailynews.com,Female,186.183.84.116
284,Albert,Entwisle,aentwisle7v@fastcompany.com,Male,155.28.99.132
285,Eleen,Bondar,ebondar7w@bandcamp.com,Female,152.20.210.35
286,Matti,Eagger,meagger7x@ca.gov,Female,221.199.221.196
287,Alberto,Getcliff,agetcliff7y@t.co,Male,108.13.28.9
288,Obadiah,Clingan,oclingan7z@dailymotion.com,Male,225.2.76.123
289,Janie,Bernon,jbernon80@odnoklassniki.ru,Female,137.112.185.241
290,Nessy,Euston,neuston81@google.ca,Female,11.215.213.90
291,Ruperto,Longford,rlongford82@goodreads.com,Male,107.69.223.82
292,Pavla,Priver,ppriver83@squidoo.com,Female,143.132.1.24
293,Rickie,Epine,repine84@foxnews.com,Male,122.59.156.189
294,Harri,Petriello,hpetriello85@alexa.com,Female,43.116.120.106
295,Gwendolen,Woodfine,gwoodfine86@comcast.net,Female,4.143.90.206
296,Gladi,Lamperti,glamperti87@moonfruit.com,Female,104.112.117.235
297,Orton,Bassom,obassom88@macromedia.com,Male,213.85.8.74
298,Candis,Parchment,cparchment89@hostgator.com,Non-binary,196.101.75.182
299,Zoe,Conaghan,zconaghan8a@barnesandnoble.com,Female,158.19.206.218
300,Malvina,Cleeton,mcleeton8b@theguardian.com,Female,104.71.162.20
301,Madge,Kenwrick,mkenwrick8c@sciencedirect.com,Female,39.25.30.55
302,Ezmeralda,Cackett,ecackett8d@yandex.ru,Female,93.68.57.26
303,Nealson,Lodge,nlodge8e@census.gov,Male,197.36.255.205
304,Joanne,Berger,jberger8f@sogou.com,Female,24.31.241.175
305,Armando,Ragate,aragate8g@ted.com,Male,116.251.42.81
306,Trixy,Creedland,tcreedland8h@state.tx.us,Female,87.198.122.153
307,Ric,Cashford,rcashford8i@yahoo.com,Polygender,233.103.122.82
308,Nate,Theseira,ntheseira8j@fastcompany.com,Male,59.43.208.233
309,Filberto,Sexten,fsexten8k@ucla.edu,Male,61.20.118.230
310,Juliet,Attard,jattard8l@pen.io,Female,196.189.17.52
311,Lyndsay,Adamowicz,ladamowicz8m@multiply.com,Female,167.116.222.52
312,Sophey,Vedishchev,svedishchev8n@geocities.jp,Bigender,31.175.218.223
313,Jeniffer,Guilliatt,jguilliatt8o@theguardian.com,Female,150.23.159.205
314,Morgen,Londing,mlonding8p@harvard.edu,Female,141.105.186.240
315,Bobette,Pollok,bpollok8q@storify.com,Female,15.250.247.67
316,Kort,Bott,kbott8r@t.co,Male,122.172.206.90
317,Erina,Idle,eidle8s@booking.com,Female,101.230.113.104
318,Tally,Fleisch,tfleisch8t@java.com,Male,22.243.144.202
319,Mame,Errol,merrol8u@virginia.edu,Female,178.159.58.227
320,Paco,Gobolos,pgobolos8v@yahoo.co.jp,Male,78.250.109.69
321,Andrew,Januszkiewicz,ajanuszkiewicz8w@edublogs.org,Male,192.210.109.74
322,Sunshine,Audrey,saudrey8x@dailymotion.com,Female,93.177.162.90
323,Moshe,Palfreman,mpalfreman8y@domainmarket.com,Male,231.223.204.182
324,Katie,Calf,kcalf8z@loc.gov,Female,221.85.3.72
325,Kincaid,Woolham,kwoolham90@reddit.com,Polygender,172.15.169.25
326,Bridgette,Bocken,bbocken91@boston.com,Female,90.188.172.182
327,Anderea,Jacobs,ajacobs92@123-reg.co.uk,Female,218.103.73.251
328,Redd,MacGillespie,rmacgillespie93@last.fm,Male,7.47.145.3
329,Klement,Ianno,kianno94@jugem.jp,Male,214.201.180.78
330,Barbi,Dutton,bdutton95@wordpress.com,Female,60.124.27.116
331,Iona,Gostall,igostall96@wix.com,Genderfluid,234.119.96.134
332,Caryl,Gregoire,cgregoire97@nifty.com,Non-binary,221.219.154.86
333,Egan,Hammerstone,ehammerstone98@slideshare.net,Male,188.211.236.207
334,Tildy,Greaves,tgreaves99@twitpic.com,Female,187.24.54.178
335,Field,Renne,frenne9a@mysql.com,Male,37.72.10.174
336,Kristi,Banane,kbanane9b@mozilla.com,Female,2.14.117.38
337,Caye,Screach,cscreach9c@w3.org,Female,41.28.193.145
338,Drucy,Daily,ddaily9d@vimeo.com,Female,29.225.123.201
339,Sim,Vasilchikov,svasilchikov9e@qq.com,Male,167.35.231.55
340,Retha,McGuffie,rmcguffie9f@unblog.fr,Agender,203.21.170.147
341,Bendick,Sharland,bsharland9g@nytimes.com,Male,158.170.18.238
342,Nickola,Buxcy,nbuxcy9h@bloglines.com,Male,77.162.108.217
343,Chicky,Aronovich,caronovich9i@diigo.com,Male,108.165.176.149
344,Kerri,Kadwallider,kkadwallider9j@statcounter.com,Female,105.81.50.135
345,Andie,Lynas,alynas9k@technorati.com,Female,29.231.124.227
346,Steffane,Harte,sharte9l@msn.com,Female,90.44.202.5
347,Jock,Abbotson,jabbotson9m@cargocollective.com,Male,105.23.241.121
348,Carlene,Sleaford,csleaford9n@spiegel.de,Female,224.238.144.37
349,Leonerd,Gourlie,lgourlie9o@seattletimes.com,Genderqueer,200.231.126.102
350,Harman,Gomery,hgomery9p@amazonaws.com,Male,121.94.80.100
351,Jackelyn,Adamsky,jadamsky9q@cnn.com,Female,46.11.185.230
352,Bliss,Pashler,bpashler9r@opera.com,Female,204.20.102.86
353,Kellyann,Hasslocher,khasslocher9s@theguardian.com,Genderqueer,77.27.194.170
354,Erin,Speachley,espeachley9t@noaa.gov,Male,168.115.57.110
355,Calypso,Bullent,cbullent9u@hud.gov,Female,133.167.191.106
356,Thatch,Zisneros,tzisneros9v@hc360.com,Male,137.4.154.79
357,Moina,Gooderson,mgooderson9w@multiply.com,Female,160.123.134.239
358,Karney,Axleby,kaxleby9x@blogspot.com,Male,131.250.89.66
359,Georgi,Klimczak,gklimczak9y@sourceforge.net,Male,202.39.139.37
360,Linus,Sarle,lsarle9z@mozilla.org,Polygender,196.41.72.226
361,Demetri,Danelutti,ddaneluttia0@deliciousdays.com,Male,74.247.107.33
362,Corrina,Moller,cmollera1@nih.gov,Non-binary,156.158.250.20
363,Elena,Cremins,ecreminsa2@stanford.edu,Female,114.15.67.154
364,Omero,Cosely,ocoselya3@cocolog-nifty.com,Male,169.209.4.13
365,Ingra,Brockton,ibrocktona4@51.la,Genderfluid,25.218.185.62
366,Gianina,Aujouanet,gaujouaneta5@china.com.cn,Female,37.7.35.6
367,Maurene,Roumier,mroumiera6@mashable.com,Female,239.232.92.171
368,Nickolai,Burnup,nburnupa7@amazon.co.uk,Bigender,122.7.85.33
369,Dannie,McWard,dmcwarda8@google.co.uk,Male,95.107.94.227
370,Berk,Norvill,bnorvilla9@state.gov,Male,1.2.230.118
371,Trueman,Hannond,thannondaa@wikispaces.com,Male,239.240.140.169
372,Stacee,Leteurtre,sleteurtreab@npr.org,Female,217.81.234.143
373,Derby,McKevin,dmckevinac@theglobeandmail.com,Male,101.251.120.250
374,Stanwood,Bristowe,sbristowead@cnbc.com,Male,22.204.233.84
375,Rebeca,Labrone,rlabroneae@sciencedirect.com,Agender,246.86.43.99
376,Nils,Brideoke,nbrideokeaf@businessinsider.com,Male,153.165.44.64
377,Dewey,Elion,delionag@unblog.fr,Male,135.138.101.142
378,Truda,Urien,turienah@amazon.com,Female,153.79.44.189
379,Janean,Ortet,jortetai@mit.edu,Female,51.46.157.172
380,Jenn,Hoy,jhoyaj@army.mil,Female,33.81.88.206
381,Rosella,Foulstone,rfoulstoneak@chron.com,Female,247.133.110.32
382,Guido,Kuhlmey,gkuhlmeyal@ocn.ne.jp,Male,168.24.15.160
383,Hakeem,Shand,hshandam@4shared.com,Male,108.11.240.60
384,Sarette,Wannop,swannopan@google.it,Female,28.171.112.16
385,Wolf,Trenouth,wtrenouthao@elegantthemes.com,Male,143.120.186.110
386,Gratia,Postles,gpostlesap@mozilla.com,Female,206.110.91.4
387,Katleen,Greenroa,kgreenroaaq@whitehouse.gov,Female,206.94.77.134
388,Glendon,Riccio,griccioar@cam.ac.uk,Agender,123.111.135.205
389,Hammad,Barkworth,hbarkworthas@latimes.com,Male,153.243.162.246
390,Nikkie,Murt,nmurtat@hhs.gov,Female,51.142.220.64
391,Jeremy,Gooderham,jgooderhamau@census.gov,Genderfluid,233.202.211.209
392,Kristofor,Arendsen,karendsenav@bloglovin.com,Male,166.21.170.7
393,Wake,Vann,wvannaw@sphinn.com,Male,102.36.92.101
394,Barron,McGonagle,bmcgonagleax@howstuffworks.com,Male,33.184.75.201
395,Wandis,Haylands,whaylandsay@lulu.com,Female,186.169.137.78
396,Chrysler,Henrique,chenriqueaz@symantec.com,Female,78.136.249.164
397,Tate,French,tfrenchb0@fotki.com,Male,168.52.113.104
398,Irma,Brandassi,ibrandassib1@answers.com,Female,61.54.166.21
399,Barri,Forlong,bforlongb2@forbes.com,Male,89.222.105.75
400,Garwood,Hesse,ghesseb3@google.nl,Male,37.229.129.5
401,Gabriel,Buttner,gbuttnerb4@chronoengine.com,Female,96.114.53.165
402,Bruno,Titheridge,btitheridgeb5@slideshare.net,Male,214.37.104.242
403,Humfrid,Orchart,horchartb6@topsy.com,Male,56.157.221.123
404,Ode,Ends,oendsb7@discovery.com,Male,116.146.241.63
405,Jeri,Pool,jpoolb8@liveinternet.ru,Female,125.102.163.142
406,Amalea,Weald,awealdb9@wikia.com,Female,28.134.66.73
407,Jarrett,Maughan,jmaughanba@jimdo.com,Male,14.212.171.32
408,Janel,Dewi,jdewibb@adobe.com,Female,170.35.88.21
409,Neilla,Watkiss,nwatkissbc@omniture.com,Female,81.5.41.156
410,Vyky,Rubbens,vrubbensbd@studiopress.com,Female,216.20.164.217
411,Raleigh,Keyzor,rkeyzorbe@photobucket.com,Male,161.197.124.155
412,Desdemona,Kilban,dkilbanbf@google.it,Female,82.239.32.55
413,Markos,Damrel,mdamrelbg@house.gov,Male,34.0.112.131
414,Sigismond,Bubeer,sbubeerbh@amazonaws.com,Male,242.75.105.44
415,Glynnis,Enser,genserbi@irs.gov,Female,220.150.113.146
416,Rafaela,Sutherington,rsutheringtonbj@omniture.com,Female,215.13.35.77
417,Elle,Schultze,eschultzebk@digg.com,Female,5.73.108.0
418,Cletus,Gillooly,cgilloolybl@prweb.com,Male,230.203.32.49
419,Hildagard,Brade,hbradebm@google.fr,Female,13.94.1.110
420,Niki,Collumbell,ncollumbellbn@princeton.edu,Male,236.138.242.163
421,Selie,Affuso,saffusobo@rediff.com,Female,242.213.246.210
422,Millicent,Collingdon,mcollingdonbp@blogs.com,Female,199.30.29.236
423,Sebastian,Roxbrough,sroxbroughbq@engadget.com,Bigender,154.149.233.93
424,Stanly,Hofton,shoftonbr@mysql.com,Polygender,208.171.75.166
425,Bartolemo,Lockier,blockierbs@chicagotribune.com,Male,117.75.36.131
426,Daryle,Shovell,dshovellbt@slashdot.org,Male,10.218.163.64
427,Agosto,Kyte,akytebu@blogs.com,Male,186.205.134.63
428,Saloma,Bigglestone,sbigglestonebv@washington.edu,Female,115.97.158.13
429,Colly,McRobbie,cmcrobbiebw@networksolutions.com,Female,46.24.244.19
430,Billie,Stubbington,bstubbingtonbx@adobe.com,Female,214.223.15.111
431,Laurella,Healing,lhealingby@deliciousdays.com,Female,67.33.58.208
432,Ebenezer,Tressler,etresslerbz@tmall.com,Male,74.248.127.165
433,Humphrey,Gynne,hgynnec0@nba.com,Polygender,127.212.145.252
434,Reece,Altofts,raltoftsc1@tinyurl.com,Genderqueer,141.242.227.9
435,Minda,Laycock,mlaycockc2@dyndns.org,Female,186.131.148.202
436,Brit,Rosenbaum,brosenbaumc3@theglobeandmail.com,Female,224.224.12.7
437,Codi,Flay,cflayc4@unicef.org,Female,236.118.57.73
438,Cathrin,Raecroft,craecroftc5@microsoft.com,Female,217.184.204.218
439,Culver,Worcester,cworcesterc6@ftc.gov,Male,202.233.78.51
440,Lorry,Krebs,lkrebsc7@wordpress.com,Female,118.204.157.148
441,Roseline,Gribbon,rgribbonc8@furl.net,Female,172.211.178.143
442,Ambros,Knappett,aknappettc9@cocolog-nifty.com,Male,210.142.230.83
443,Carola,Testo,ctestoca@samsung.com,Female,208.234.100.163
444,Charlot,Aleswell,caleswellcb@ebay.co.uk,Agender,239.94.73.20
445,Brianna,Cossans,bcossanscc@illinois.edu,Female,152.6.59.226
446,Jereme,Landon,jlandoncd@rediff.com,Male,106.206.43.229
447,Dukie,Duncklee,ddunckleece@furl.net,Male,14.59.61.191
448,Raychel,Awcock,rawcockcf@acquirethisname.com,Female,243.77.21.229
449,Ximenez,Lace,xlacecg@facebook.com,Male,90.53.44.195
450,Zorah,Schelle,zschellech@opera.com,Female,93.133.242.175
451,Alaster,Goaks,agoaksci@mayoclinic.com,Male,24.46.13.204
452,Leeann,Timmins,ltimminscj@moonfruit.com,Female,56.202.110.208
453,Andree,Fass,afassck@google.cn,Female,2.147.249.212
454,Artie,Saltsberg,asaltsbergcl@geocities.com,Male,159.248.92.201
455,Zsa zsa,Glanders,zglanderscm@statcounter.com,Female,240.99.205.187
456,Marrilee,Dibbert,mdibbertcn@earthlink.net,Female,103.222.201.28
457,Byrle,Bartolomeotti,bbartolomeottico@bbb.org,Male,13.100.3.64
458,Wendell,De-Ville,wdevillecp@psu.edu,Male,63.230.234.193
459,Genovera,Hewertson,ghewertsoncq@berkeley.edu,Female,230.64.90.12
460,Malchy,Byllam,mbyllamcr@census.gov,Male,113.32.155.190
461,Nichole,Redmain,nredmaincs@vk.com,Male,29.129.112.38
462,Hettie,Desforges,hdesforgesct@rediff.com,Female,89.94.130.97
463,Sanderson,Jolin,sjolincu@imdb.com,Polygender,208.125.86.62
464,Tildie,Cullinan,tcullinancv@cbslocal.com,Female,14.90.200.188
465,Ailsun,Storkes,astorkescw@i2i.jp,Female,230.113.115.114
466,Rock,Mazonowicz,rmazonowiczcx@hibu.com,Male,242.2.189.247
467,Uriel,Saich,usaichcy@myspace.com,Male,55.252.66.85
468,Esra,Cadigan,ecadigancz@biglobe.ne.jp,Male,50.126.214.209
469,Ann-marie,Tofful,atoffuld0@unblog.fr,Female,79.124.207.136
470,Normy,Maidstone,nmaidstoned1@artisteer.com,Male,3.130.154.205
471,Mallorie,Trahmel,mtrahmeld2@nydailynews.com,Genderfluid,1.71.223.19
472,Melvyn,Mithun,mmithund3@about.com,Male,120.197.208.200
473,Micky,Innott,minnottd4@oaic.gov.au,Male,0.62.246.83
474,Clemmy,Esley,cesleyd5@free.fr,Male,148.184.208.235
475,Jilli,Chapelhow,jchapelhowd6@phpbb.com,Female,120.79.177.111
476,Fleurette,De Cristoforo,fdecristoforod7@mayoclinic.com,Female,50.75.100.201
477,Jarib,Hallworth,jhallworthd8@hostgator.com,Male,41.163.120.78
478,Salvatore,Ilem,silemd9@hp.com,Male,132.252.158.60
479,Kathe,Jennery,kjenneryda@dailymotion.com,Female,46.173.110.41
480,Henryetta,Adamsson,hadamssondb@imdb.com,Non-binary,140.71.210.133
481,Maximilian,Vanichkin,mvanichkindc@sun.com,Male,191.131.240.88
482,Cole,Dirr,cdirrdd@buzzfeed.com,Male,132.213.137.118
483,Harvey,Nuzzetti,hnuzzettide@dailymotion.com,Male,234.152.99.202
484,Verge,Symmers,vsymmersdf@amazon.com,Male,221.221.131.80
485,Araldo,Stonhouse,astonhousedg@ask.com,Male,7.114.19.106
486,Godart,Klyn,gklyndh@indiegogo.com,Male,44.101.60.65
487,Giles,Paling,gpalingdi@bbc.co.uk,Male,139.32.147.225
488,Nicky,Kersting,nkerstingdj@paginegialle.it,Male,155.123.74.64
489,Letisha,Dyett,ldyettdk@slideshare.net,Female,75.96.191.242
490,Bradan,Govini,bgovinidl@tripod.com,Male,123.76.177.148
491,Darya,Mattosoff,dmattosoffdm@nydailynews.com,Female,210.155.45.142
492,Andrey,Bleythin,ableythindn@digg.com,Male,243.224.55.73
493,Skip,Dignum,sdignumdo@loc.gov,Male,195.210.5.55
494,Bessie,Deble,bdebledp@ed.gov,Female,157.164.98.43
495,Consuela,Raggles,cragglesdq@webmd.com,Agender,69.111.254.134
496,Alfy,Anthonies,aanthoniesdr@1688.com,Female,33.119.94.175
497,Quinta,Le Monnier,qlemonnierds@qq.com,Female,52.235.192.127
498,Gavan,Spellsworth,gspellsworthdt@house.gov,Male,227.135.103.183
499,Leela,Sidery,lsiderydu@un.org,Female,209.162.229.132
500,Sacha,Fritchley,sfritchleydv@biblegateway.com,Female,208.53.79.228
501,Verla,de Quincey,vdequinceydw@wired.com,Female,155.118.121.243
502,Pyotr,Harrisson,pharrissondx@github.com,Male,114.132.105.93
503,Dion,Beau,dbeaudy@gravatar.com,Male,83.15.45.201
504,Hayes,Covely,hcovelydz@deliciousdays.com,Male,190.197.100.66
505,Mack,Zanitti,mzanittie0@simplemachines.org,Male,223.237.101.14
506,Annalee,Hallmark,ahallmarke1@msn.com,Female,6.159.216.217
507,Carmina,Spacey,cspaceye2@abc.net.au,Female,97.35.44.95
508,Evangelina,Mawditt,emawditte3@phpbb.com,Bigender,185.234.11.179
509,Jeremias,McRobb,jmcrobbe4@blog.com,Male,145.43.113.191
510,Winifield,Tattersfield,wtattersfielde5@booking.com,Male,59.124.96.216
511,Yoshiko,Mugglestone,ymugglestonee6@themeforest.net,Female,20.146.3.124
512,La verne,Padberry,lpadberrye7@scientificamerican.com,Female,83.8.235.177
513,Olivero,Pryke,oprykee8@usatoday.com,Male,47.157.240.132
514,Viv,Virgo,vvirgoe9@google.com.br,Female,254.222.39.122
515,Edsel,Touson,etousonea@cnet.com,Male,214.155.253.77
516,Kiley,Point,kpointeb@disqus.com,Female,147.163.128.75
517,Dorree,Rattray,drattrayec@globo.com,Female,245.167.75.207
518,Man,Aistrop,maistroped@technorati.com,Male,19.8.165.194
519,Renard,Fontes,rfontesee@unicef.org,Male,138.89.48.125
520,Burlie,Rockell,brockellef@twitpic.com,Male,149.33.203.125
521,Tammara,MacGuiness,tmacguinesseg@tripadvisor.com,Female,9.33.103.110
522,Danella,Tomaello,dtomaelloeh@usgs.gov,Female,167.127.218.174
523,Sarena,Munkton,smunktonei@mac.com,Female,78.109.43.98
524,Eddie,Frank,efrankej@arizona.edu,Male,36.86.5.124
525,Darin,Heinel,dheinelek@geocities.jp,Male,236.43.84.199
526,Hort,Borsay,hborsayel@disqus.com,Male,168.226.208.26
527,Bev,Liversedge,bliversedgeem@g.co,Male,63.50.195.184
528,Ario,Licciardo,alicciardoen@ezinearticles.com,Genderfluid,105.97.126.225
529,Eda,MacFadyen,emacfadyeneo@godaddy.com,Female,249.220.124.120
530,Ennis,Boyfield,eboyfieldep@w3.org,Male,163.181.218.97
531,Avictor,Mayze,amayzeeq@imdb.com,Male,114.195.160.140
532,Patricio,Balnaves,pbalnaveser@google.ru,Male,75.91.152.236
533,Estevan,Messier,emessieres@boston.com,Male,184.84.150.109
534,Kelcey,Farbrace,kfarbraceet@mac.com,Female,233.229.180.71
535,Candace,Sumption,csumptioneu@furl.net,Female,224.73.58.228
536,Pascal,Wildman,pwildmanev@nsw.gov.au,Male,3.168.161.64
537,Robyn,Kleinstern,rkleinsternew@psu.edu,Female,164.103.170.22
538,Grissel,Minnock,gminnockex@mysql.com,Female,122.122.129.137
539,Ryon,Snelson,rsnelsoney@hud.gov,Genderqueer,188.107.166.81
540,West,Romanetti,wromanettiez@businessinsider.com,Genderfluid,31.47.240.213
541,Brenna,O'Quin,boquinf0@salon.com,Female,40.53.246.161
542,Lisa,Simonitto,lsimonittof1@gravatar.com,Female,81.28.79.158
543,Nahum,Kearford,nkearfordf2@narod.ru,Male,2.186.13.163
544,Adelind,Pierucci,apieruccif3@ovh.net,Female,169.167.175.235
545,Giorgi,Abbe,gabbef4@wunderground.com,Male,232.239.194.208
546,Beryle,Kemston,bkemstonf5@go.com,Female,193.125.27.191
547,Demetri,Giacomo,dgiacomof6@reverbnation.com,Genderfluid,211.206.156.177
548,Floris,Laurenson,flaurensonf7@ifeng.com,Female,161.101.180.209
549,Gorden,Glowacha,gglowachaf8@harvard.edu,Male,216.198.230.85
550,Edgardo,Tregunna,etregunnaf9@tiny.cc,Male,250.21.197.148
551,Margit,Sprulls,msprullsfa@cocolog-nifty.com,Female,2.116.161.242
552,Zacherie,Lerwell,zlerwellfb@howstuffworks.com,Male,130.3.146.234
553,Doralynn,St. Queintain,dstqueintainfc@archive.org,Female,141.89.220.154
554,Maria,Ettels,mettelsfd@ycombinator.com,Female,159.42.186.56
555,Corinna,Gamil,cgamilfe@zdnet.com,Female,200.69.211.203
556,Leah,Uppett,luppettff@w3.org,Non-binary,171.183.0.52
557,Paten,Rosson,prossonfg@theguardian.com,Agender,83.17.51.132
558,Nessa,Meatyard,nmeatyardfh@jimdo.com,Female,152.75.138.205
559,Rockwell,Ingry,ringryfi@amazon.co.uk,Male,120.235.175.42
560,Stephanus,Kinzel,skinzelfj@bigcartel.com,Male,247.96.228.134
561,Ferrel,Braithwait,fbraithwaitfk@dagondesign.com,Male,166.124.36.102
562,Almira,Abelov,aabelovfl@unicef.org,Female,248.197.22.109
563,Nicholas,Cordero,ncorderofm@hp.com,Male,12.162.189.66
564,Raynor,Farra,rfarrafn@plala.or.jp,Male,165.229.23.212
565,Joelynn,Lease,jleasefo@fc2.com,Female,208.181.32.144
566,Shina,Fahrenbacher,sfahrenbacherfp@csmonitor.com,Female,125.77.151.71
567,Alejoa,Aspy,aaspyfq@mozilla.com,Male,216.16.35.113
568,Trixie,Garwill,tgarwillfr@stanford.edu,Female,54.132.117.27
569,Jarad,Elkington,jelkingtonfs@time.com,Polygender,10.216.137.68
570,Gerti,Nisen,gnisenft@desdev.cn,Bigender,2.66.104.178
571,Janeta,Alcoran,jalcoranfu@google.ru,Female,242.10.243.196
572,Rikki,Southern,rsouthernfv@toplist.cz,Male,116.148.251.108
573,Rafaelita,Yukhov,ryukhovfw@google.com.au,Female,181.147.45.60
574,Amberly,Ferriere,aferrierefx@instagram.com,Female,116.133.149.127
575,Odetta,Persitt,opersittfy@wix.com,Female,168.4.173.112
576,Valerye,Davidovsky,vdavidovskyfz@istockphoto.com,Female,119.154.196.132
577,Maye,Fillary,mfillaryg0@craigslist.org,Female,57.153.175.97
578,Fayre,Glyde,fglydeg1@ezinearticles.com,Female,226.94.17.8
579,Mathilda,Robley,mrobleyg2@theglobeandmail.com,Female,219.117.200.107
580,Matthew,Samples,msamplesg3@newyorker.com,Male,14.239.45.178
581,Prudi,Hanstock,phanstockg4@gizmodo.com,Female,217.97.125.141
582,Brenna,Rippin,bripping5@latimes.com,Female,241.148.15.189
583,Cecil,Yurkiewicz,cyurkiewiczg6@aol.com,Female,208.10.188.171
584,Jerrie,Rosenschein,jrosenscheing7@wiley.com,Male,119.1.164.169
585,Agnella,Winterbourne,awinterbourneg8@berkeley.edu,Bigender,123.100.55.72
586,Ninette,Claiden,nclaideng9@theguardian.com,Female,62.67.129.43
587,Grantham,Beaumont,gbeaumontga@nifty.com,Male,215.45.138.233
588,Pembroke,Bolzmann,pbolzmanngb@odnoklassniki.ru,Male,142.120.230.78
589,Tommie,O'Harney,toharneygc@bloomberg.com,Female,244.27.198.241
590,Devin,Pepys,dpepysgd@ning.com,Male,20.107.220.65
591,Brandi,Giron,bgironge@pcworld.com,Genderqueer,135.236.63.93
592,Hashim,Duxbarry,hduxbarrygf@npr.org,Bigender,248.154.121.93
593,Amalita,Hadigate,ahadigategg@patch.com,Female,47.125.89.74
594,Ivonne,Rowbottom,irowbottomgh@csmonitor.com,Female,122.169.31.227
595,Zorina,Leeburn,zleeburngi@unc.edu,Female,250.223.28.177
596,Barbara-anne,Morando,bmorandogj@wikispaces.com,Genderqueer,231.201.56.17
597,Lorry,Knudsen,lknudsengk@state.gov,Agender,87.176.17.19
598,Sherrie,Lougheid,slougheidgl@edublogs.org,Female,2.211.118.65
599,Farr,Smoughton,fsmoughtongm@netscape.com,Male,170.55.67.109
600,Renee,Blight,rblightgn@census.gov,Female,74.180.185.154
601,Una,Woodrooffe,uwoodrooffego@mayoclinic.com,Female,191.175.167.55
602,Andreas,Oldred,aoldredgp@europa.eu,Polygender,58.179.156.98
603,Enrika,Levens,elevensgq@domainmarket.com,Female,210.210.247.89
604,Perri,Slym,pslymgr@stumbleupon.com,Agender,146.170.237.16
605,Melisenda,Eldin,meldings@free.fr,Female,46.221.23.55
606,Erie,Brookson,ebrooksongt@samsung.com,Male,0.102.81.231
607,Sky,Pinwill,spinwillgu@princeton.edu,Male,42.60.17.29
608,Linnet,Caney,lcaneygv@wired.com,Female,55.99.245.144
609,Merwyn,Moncrieffe,mmoncrieffegw@dot.gov,Male,211.248.131.178
610,Sargent,Corrington,scorringtongx@cam.ac.uk,Male,13.207.87.232
611,Carmelia,Twelvetrees,ctwelvetreesgy@wikispaces.com,Female,86.196.200.22
612,Alvan,Stapylton,astapyltongz@cpanel.net,Male,10.204.151.252
613,Bernardo,Mingardo,bmingardoh0@dailymail.co.uk,Male,239.29.125.137
614,Clotilda,Kolyagin,ckolyaginh1@dmoz.org,Female,201.153.90.206
615,Weston,Bloys,wbloysh2@bluehost.com,Male,187.9.124.83
616,Mikael,Tydd,mtyddh3@home.pl,Male,208.133.239.140
617,Giuseppe,Fallens,gfallensh4@php.net,Male,44.223.157.16
618,Travers,Stonebanks,tstonebanksh5@usda.gov,Male,111.150.94.52
619,Aharon,Gierth,agierthh6@360.cn,Bigender,72.145.215.206
620,Gaylor,Butterworth,gbutterworthh7@smh.com.au,Male,36.13.230.0
621,Jeddy,Bootland,jbootlandh8@studiopress.com,Male,38.199.216.163
622,Ingra,Jevons,ijevonsh9@oracle.com,Male,137.180.42.89
623,Carmella,Peskin,cpeskinha@arizona.edu,Female,0.207.123.86
624,Matthias,Shepstone,mshepstonehb@tuttocitta.it,Male,82.102.34.107
625,Minna,Dosdill,mdosdillhc@jigsy.com,Female,78.254.80.118
626,Blanch,Sherville,bshervillehd@angelfire.com,Female,174.98.178.116
627,Haily,Gillis,hgillishe@newsvine.com,Female,90.149.119.166
628,Shirlene,Vidgen,svidgenhf@hud.gov,Female,177.78.68.120
629,Odessa,Riseam,oriseamhg@ft.com,Female,255.201.171.123
630,Edmund,Stallion,estallionhh@wsj.com,Male,246.166.9.228
631,Wilmar,Winspeare,wwinspearehi@php.net,Male,209.35.62.108
632,Constancy,Fayerman,cfayermanhj@wisc.edu,Female,116.60.90.42
633,Joe,Wicken,jwickenhk@washingtonpost.com,Male,203.89.83.157
634,Michel,Churchman,mchurchmanhl@squarespace.com,Male,227.5.210.174
635,Brockie,de Juares,bdejuareshm@jugem.jp,Male,88.12.34.177
636,Joyous,Carlo,jcarlohn@cam.ac.uk,Female,44.158.63.21
637,Marni,Baggaley,mbaggaleyho@usatoday.com,Female,251.165.34.91
638,Dee,Greggs,dgreggshp@ucla.edu,Female,107.224.111.168
639,Wayland,Paulitschke,wpaulitschkehq@macromedia.com,Male,63.103.76.169
640,Catharina,Whicher,cwhicherhr@bloomberg.com,Female,152.205.58.6
641,Heall,Redmore,hredmorehs@alibaba.com,Male,237.215.82.197
642,Mac,Selby,mselbyht@liveinternet.ru,Male,34.22.42.214
643,Tiffy,Bothen,tbothenhu@hhs.gov,Female,110.245.241.142
644,Arleta,Mycroft,amycrofthv@engadget.com,Female,236.156.109.39
645,Durant,Rosas,drosashw@hibu.com,Male,4.21.142.165
646,Olenolin,Denning,odenninghx@privacy.gov.au,Male,249.136.229.74
647,Delmar,Ely,delyhy@acquirethisname.com,Male,215.80.135.125
648,Sydney,Duckerin,sduckerinhz@goo.ne.jp,Male,205.121.70.235
649,Fairfax,Pilfold,fpilfoldi0@census.gov,Male,112.241.44.55
650,Abran,Curlis,acurlisi1@newyorker.com,Male,19.201.46.6
651,Ely,Mathet,ematheti2@homestead.com,Male,23.96.78.190
652,Alys,Pichan,apichani3@g.co,Female,129.201.8.91
653,Tristam,Kopec,tkopeci4@flavors.me,Male,201.245.132.47
654,Lesley,Di Filippo,ldifilippoi5@trellian.com,Male,119.108.165.16
655,Dominique,McMakin,dmcmakini6@abc.net.au,Male,136.153.232.129
656,Mitchel,Heading,mheadingi7@gmpg.org,Male,3.254.2.241
657,Fidela,Farnill,ffarnilli8@arstechnica.com,Female,17.149.138.166
658,Waverly,Rykert,wrykerti9@mlb.com,Male,25.235.22.177
659,Dee dee,Obal,dobalia@infoseek.co.jp,Female,218.197.120.46
660,Tommy,Ogilby,togilbyib@mlb.com,Male,195.186.80.169
661,Alex,Gairdner,agairdneric@msn.com,Male,209.44.197.212
662,Tanya,Keppe,tkeppeid@unblog.fr,Female,145.169.208.115
663,Broderic,Wakeham,bwakehamie@wordpress.com,Male,21.111.125.114
664,Artemas,Youdell,ayoudellif@zimbio.com,Male,18.167.35.238
665,Jessey,Sitlinton,jsitlintonig@umn.edu,Male,153.66.48.114
666,Jeffrey,Klimschak,jklimschakih@google.com,Male,207.232.82.141
667,Blaire,Trayes,btrayesii@diigo.com,Female,246.177.218.17
668,Immanuel,Caley,icaleyij@wikimedia.org,Male,142.104.151.187
669,Templeton,Salway,tsalwayik@bing.com,Genderfluid,146.223.176.149
670,Win,Pipworth,wpipworthil@shinystat.com,Male,142.132.190.136
671,Elysia,Wimbury,ewimburyim@wsj.com,Female,32.243.65.213
672,Missy,Guillet,mguilletin@mit.edu,Polygender,233.233.21.98
673,Tuckie,Spellar,tspellario@redcross.org,Male,127.184.187.33
674,Panchito,Frede,pfredeip@virginia.edu,Male,41.201.249.232
675,Angelia,Fraczek,afraczekiq@dropbox.com,Female,74.118.199.213
676,Ariela,Dametti,adamettiir@biblegateway.com,Female,95.229.86.128
677,Bambie,Speer,bspeeris@webs.com,Female,18.41.236.17
678,Dani,Ritter,dritterit@barnesandnoble.com,Male,39.169.83.99
679,Oliver,Southerill,osoutherilliu@networksolutions.com,Male,65.252.240.150
680,Stevy,Parish,sparishiv@hhs.gov,Male,47.106.68.130
681,Kaia,Odgers,kodgersiw@hugedomains.com,Female,119.136.104.60
682,Charin,Stobbart,cstobbartix@youtube.com,Genderfluid,161.3.249.250
683,Obadias,Vannoni,ovannoniiy@go.com,Male,198.53.84.87
684,Hewitt,Butterfill,hbutterfilliz@wsj.com,Male,96.118.213.245
685,Menard,Pont,mpontj0@mysql.com,Male,24.162.151.143
686,Corey,Frary,cfraryj1@sina.com.cn,Female,121.33.148.72
687,Tami,Ferby,tferbyj2@bloomberg.com,Female,220.251.1.207
688,Johan,Fudge,jfudgej3@umn.edu,Male,134.159.190.201
689,Sergent,Keightley,skeightleyj4@jigsy.com,Male,122.56.6.149
690,Nerty,Boni,nbonij5@prweb.com,Female,243.150.105.219
691,Gigi,Pieterick,gpieterickj6@photobucket.com,Female,28.229.219.227
692,Marcos,Bahike,mbahikej7@wp.com,Genderfluid,131.137.26.65
693,Charlotta,Grimsey,cgrimseyj8@scribd.com,Female,6.85.203.126
694,Luigi,Clout,lcloutj9@phpbb.com,Male,230.78.6.207
695,Creighton,Mullis,cmullisja@phoca.cz,Male,93.58.201.25
696,Sheffield,Sloane,ssloanejb@freewebs.com,Male,54.176.238.175
697,Ingrid,Gouldsmith,igouldsmithjc@vimeo.com,Female,74.24.116.182
698,Cissy,Hazeley,chazeleyjd@friendfeed.com,Female,97.15.94.130
699,Fonz,Bree,fbreeje@answers.com,Polygender,197.107.75.15
700,Tann,Speariett,tspeariettjf@rakuten.co.jp,Male,115.85.96.151
701,Terra,Herrema,therremajg@123-reg.co.uk,Female,111.9.174.239
702,Giacopo,Lillford,glillfordjh@theglobeandmail.com,Male,230.109.38.166
703,Beret,Jupp,bjuppji@jigsy.com,Female,72.247.146.111
704,Nannie,Savory,nsavoryjj@vk.com,Bigender,138.104.160.214
705,Pincus,Goldstein,pgoldsteinjk@wsj.com,Male,244.113.253.29
706,Rene,Shafto,rshaftojl@seattletimes.com,Female,115.167.26.235
707,Betta,Claus,bclausjm@intel.com,Female,141.42.243.10
708,Tamiko,McVey,tmcveyjn@oracle.com,Female,172.144.92.170
709,Aridatha,Prestage,aprestagejo@printfriendly.com,Female,110.254.40.48
710,Robbie,Cardo,rcardojp@businessinsider.com,Male,42.95.165.112
711,Geoff,Ceresa,gceresajq@github.com,Male,193.158.93.55
712,Innis,Myhill,imyhilljr@ebay.co.uk,Male,46.111.107.39
713,Wallie,Cornew,wcornewjs@clickbank.net,Male,228.112.75.133
714,Anselma,Lenton,alentonjt@soundcloud.com,Female,80.79.111.77
715,Nolan,Saiz,nsaizju@360.cn,Male,251.32.86.104
716,Maurise,Signe,msignejv@cocolog-nifty.com,Male,132.221.53.60
717,Giuditta,Frisdick,gfrisdickjw@ucoz.com,Female,199.191.6.100
718,Niko,Abercromby,nabercrombyjx@yelp.com,Male,184.99.28.216
719,Lynnett,Bouldon,lbouldonjy@geocities.jp,Female,123.194.67.37
720,Anatol,Bernadon,abernadonjz@behance.net,Male,141.172.237.121
721,Clareta,Puttock,cputtockk0@who.int,Female,218.60.135.245
722,Tristam,Gavaghan,tgavaghank1@google.es,Male,4.221.64.216
723,Wood,Arnoll,warnollk2@booking.com,Male,81.142.85.111
724,Alonso,Lukes,alukesk3@theatlantic.com,Male,247.32.152.163
725,Evered,M'Quharg,emquhargk4@hc360.com,Male,229.74.22.114
726,Emmett,Leel,eleelk5@comcast.net,Male,76.126.195.65
727,Milli,Santer,msanterk6@homestead.com,Female,59.68.57.38
728,Adrien,Cotmore,acotmorek7@biglobe.ne.jp,Male,164.119.189.61
729,Brandi,Dimeloe,bdimeloek8@sohu.com,Female,158.160.226.148
730,Theadora,Pimley,tpimleyk9@wufoo.com,Female,11.133.104.253
731,Thaxter,Alford,talfordka@studiopress.com,Male,185.198.20.237
732,Witty,Verheijden,wverheijdenkb@aol.com,Male,166.197.116.90
733,Donalt,Sampey,dsampeykc@canalblog.com,Male,135.151.138.127
734,Giacomo,Fippe,gfippekd@opensource.org,Male,42.4.14.159
735,Philbert,Trahearn,ptrahearnke@gizmodo.com,Male,243.193.84.29
736,Hurlee,Storms,hstormskf@google.nl,Male,191.191.111.90
737,Basia,Powder,bpowderkg@sun.com,Female,240.245.43.27
738,Sibel,MacCroary,smaccroarykh@hexun.com,Genderqueer,95.174.92.104
739,Artemis,Gariff,agariffki@msn.com,Male,174.12.206.240
740,Drew,De Bruin,ddebruinkj@redcross.org,Male,70.10.234.250
741,Anatola,Raubenheimer,araubenheimerkk@instagram.com,Female,16.116.187.203
742,Heath,Amiranda,hamirandakl@elpais.com,Female,50.145.29.253
743,Brant,Pettican,bpetticankm@parallels.com,Male,201.91.243.43
744,Eolanda,Meriet,emerietkn@tripadvisor.com,Female,2.221.175.155
745,Luz,Kopps,lkoppsko@phpbb.com,Female,68.114.41.48
746,Vinnie,Humble,vhumblekp@macromedia.com,Female,105.18.69.61
747,Emera,Comini,ecominikq@goo.gl,Female,67.235.241.86
748,Tawnya,Crowth,tcrowthkr@aol.com,Female,167.8.14.14
749,Gearard,Duligal,gduligalks@mac.com,Male,89.61.134.205
750,Mechelle,Pill,mpillkt@blinklist.com,Female,197.244.6.119
751,Benedicta,Beahan,bbeahanku@csmonitor.com,Female,85.159.218.208
752,Karl,Flintoff,kflintoffkv@cdbaby.com,Male,238.168.18.154
753,Ludwig,Mountlow,lmountlowkw@gmpg.org,Male,199.244.174.229
754,Ashley,Lax,alaxkx@free.fr,Male,124.245.104.139
755,Fanny,Ayree,fayreeky@fc2.com,Female,44.175.150.134
756,Nelli,Outhwaite,nouthwaitekz@cam.ac.uk,Female,216.32.195.153
757,Con,Girone,cgironel0@whitehouse.gov,Female,161.190.51.242
758,Bil,Roomes,broomesl1@booking.com,Male,136.168.4.44
759,Al,Todari,atodaril2@shutterfly.com,Male,8.88.152.216
760,Nels,Tuminini,ntumininil3@google.nl,Male,12.102.36.28
761,Franny,Napton,fnaptonl4@exblog.jp,Male,214.43.6.221
762,Cristie,Brame,cbramel5@hatena.ne.jp,Genderqueer,191.190.76.255
763,Edie,Argyle,eargylel6@nyu.edu,Female,205.236.162.90
764,Obidiah,Rillett,orillettl7@woothemes.com,Male,102.52.78.3
765,Tab,Wane,twanel8@java.com,Male,22.249.138.159
766,Stewart,Josse,sjossel9@ox.ac.uk,Male,86.122.196.231
767,Antonius,Beamont,abeamontla@pen.io,Male,4.137.14.221
768,Martina,Abbett,mabbettlb@wordpress.org,Female,122.2.189.54
769,Lucien,Deacon,ldeaconlc@pinterest.com,Male,131.170.255.82
770,Julee,Bean,jbeanld@cloudflare.com,Female,161.109.254.218
771,Cletus,Fourcade,cfourcadele@sakura.ne.jp,Male,81.176.190.10
772,Norene,Pavelin,npavelinlf@nydailynews.com,Female,144.64.192.61
773,Deborah,Fairtlough,dfairtloughlg@imgur.com,Female,165.252.240.52
774,Zelig,Nettle,znettlelh@ustream.tv,Male,209.191.197.193
775,Marcel,Matijasevic,mmatijasevicli@google.ru,Male,72.90.176.98
776,Nona,Levison,nlevisonlj@theatlantic.com,Genderqueer,233.192.163.190
777,Kurt,Neller,knellerlk@typepad.com,Genderqueer,31.201.171.72
778,Sallie,Gell,sgellll@unc.edu,Female,24.17.33.140
779,Tybie,Monck,tmoncklm@walmart.com,Agender,127.29.130.117
780,Cloris,Leverentz,cleverentzln@4shared.com,Female,25.190.164.96
781,Meredith,Pautot,mpautotlo@google.co.jp,Male,254.79.128.246
782,Ivor,Mapplethorpe,imapplethorpelp@youku.com,Male,250.236.54.169
783,Latrina,Lavrinov,llavrinovlq@yolasite.com,Female,108.108.20.91
784,Vita,Gouthier,vgouthierlr@g.co,Female,89.68.53.6
785,Gaby,Gommowe,ggommowels@mashable.com,Male,185.12.17.18
786,Gaile,Bowbrick,gbowbricklt@tiny.cc,Male,245.174.10.98
787,Vina,Dirr,vdirrlu@ox.ac.uk,Female,39.127.13.111
788,Alan,Llorente,allorentelv@nih.gov,Male,108.133.251.51
789,Lewiss,Bandy,lbandylw@acquirethisname.com,Male,150.235.239.117
790,Jan,Tuny,jtunylx@yandex.ru,Female,99.245.167.243
791,Jard,Harbinson,jharbinsonly@vkontakte.ru,Male,27.169.95.104
792,Stephannie,Iwanczyk,siwanczyklz@nydailynews.com,Female,31.106.197.210
793,Toni,Thelwll,tthelwllm0@artisteer.com,Female,149.83.229.221
794,Fanya,Easbie,feasbiem1@google.com.au,Female,83.125.8.11
795,Emmey,Gallacher,egallacherm2@sciencedaily.com,Female,203.210.160.76
796,Alfy,Viner,avinerm3@usnews.com,Female,137.253.132.204
797,Hillery,Charrington,hcharringtonm4@bigcartel.com,Male,71.232.34.33
798,Wallis,Grundell,wgrundellm5@reverbnation.com,Male,117.83.255.179
799,Jimmie,Fatscher,jfatscherm6@edublogs.org,Male,104.133.223.197
800,Elias,Diwell,ediwellm7@tiny.cc,Male,133.134.17.89
801,Marnie,Krier,mkrierm8@reuters.com,Female,226.69.92.75
802,Heda,Tembridge,htembridgem9@bravesites.com,Female,106.160.139.109
803,Tedie,Glasard,tglasardma@phpbb.com,Male,29.17.55.82
804,Wendy,Hothersall,whothersallmb@tuttocitta.it,Female,171.81.137.6
805,Esmeralda,Shaddock,eshaddockmc@state.gov,Female,215.200.103.205
806,Kalinda,Foyster,kfoystermd@prnewswire.com,Female,51.106.159.239
807,Romain,Logue,rlogueme@altervista.org,Male,19.63.203.143
808,Bridie,Machan,bmachanmf@behance.net,Female,12.149.243.72
809,Patten,Jovey,pjoveymg@reference.com,Male,35.123.98.203
810,Tedd,Bermingham,tberminghammh@sohu.com,Male,225.118.144.87
811,Mischa,Fears,mfearsmi@trellian.com,Male,146.51.15.175
812,Aloysia,Ledekker,aledekkermj@bravesites.com,Female,154.207.67.247
813,Oran,Vellender,ovellendermk@cbslocal.com,Male,115.136.12.119
814,Melba,Ducker,mduckerml@amazon.de,Female,135.215.76.171
815,Tiphanie,Eddisforth,teddisforthmm@weebly.com,Female,154.97.0.98
816,Marlane,O' Mullane,momullanemn@google.com,Female,206.171.17.228
817,Fawnia,Farren,ffarrenmo@epa.gov,Female,49.93.239.187
818,Lucita,Attrie,lattriemp@amazonaws.com,Female,207.47.117.183
819,Northrup,Alldritt,nalldrittmq@exblog.jp,Male,91.117.107.59
820,Dollie,Skowcraft,dskowcraftmr@yale.edu,Female,81.78.254.228
821,Bel,Zamora,bzamorams@nationalgeographic.com,Non-binary,57.178.76.144
822,Si,Willman,swillmanmt@toplist.cz,Male,247.236.220.76
823,Peg,Roo,proomu@businessweek.com,Female,37.7.61.216
824,Brina,Cooper,bcoopermv@theglobeandmail.com,Female,212.62.16.2
825,Correy,Kynston,ckynstonmw@cdc.gov,Male,43.169.175.211
826,Yard,McDougald,ymcdougaldmx@twitpic.com,Male,66.63.248.183
827,Wylma,Rennard,wrennardmy@symantec.com,Genderfluid,219.177.142.168
828,Sayer,Tenney,stenneymz@nationalgeographic.com,Male,245.139.62.126
829,Odelia,Rotherforth,orotherforthn0@squarespace.com,Female,172.10.34.198
830,Bengt,Ramage,bramagen1@xinhuanet.com,Male,255.236.218.127
831,Danielle,Camacho,dcamachon2@webs.com,Genderqueer,22.229.227.112
832,Blake,Orlton,borltonn3@japanpost.jp,Male,225.107.213.17
833,Callida,Rix,crixn4@craigslist.org,Female,89.56.149.128
834,Jaime,Eglese,jeglesen5@ucoz.ru,Female,137.104.45.127
835,Dorene,Carlozzi,dcarlozzin6@youtube.com,Female,65.155.228.63
836,Charisse,Jeenes,cjeenesn7@ovh.net,Female,86.148.124.134
837,Issiah,Monteith,imonteithn8@networksolutions.com,Male,149.223.93.64
838,Wynn,Melendez,wmelendezn9@sitemeter.com,Bigender,242.171.107.58
839,Marie-jeanne,McCaughen,mmccaughenna@bing.com,Female,132.196.92.43
840,Ursulina,Ostrich,uostrichnb@linkedin.com,Female,206.251.161.239
841,Katya,Capstaff,kcapstaffnc@cbslocal.com,Female,94.145.67.77
842,Henry,Valance,hvalancend@unc.edu,Genderqueer,4.216.156.229
843,Neron,Henstridge,nhenstridgene@bing.com,Male,171.64.175.154
844,Caitlin,Hallbird,challbirdnf@quantcast.com,Female,74.37.132.82
845,Winny,Youthead,wyoutheadng@bigcartel.com,Male,32.65.110.189
846,Saree,Gawkes,sgawkesnh@istockphoto.com,Female,135.182.181.167
847,Calv,Bargh,cbarghni@usnews.com,Male,32.60.176.207
848,Welby,Baldcock,wbaldcocknj@umn.edu,Male,187.231.26.216
849,Javier,Andrieux,jandrieuxnk@ovh.net,Male,119.232.201.16
850,Dodie,Swainson,dswainsonnl@geocities.jp,Female,163.235.96.68
851,Randie,Crispe,rcrispenm@ted.com,Male,110.151.109.51
852,Truman,Durante,tdurantenn@w3.org,Male,5.230.117.232
853,Arvie,Haker,ahakerno@auda.org.au,Male,234.212.185.12
854,Maximilianus,Henzley,mhenzleynp@bigcartel.com,Male,85.65.107.55
855,Norene,Trickett,ntrickettnq@1und1.de,Female,240.146.132.49
856,Marshall,Dumsday,mdumsdaynr@homestead.com,Male,37.67.88.236
857,Denni,Daughtry,ddaughtryns@hud.gov,Female,68.9.85.189
858,Patrice,Sevier,pseviernt@omniture.com,Agender,248.98.233.15
859,Adelind,Gosson,agossonnu@reverbnation.com,Polygender,178.64.69.97
860,Pail,Coyle,pcoylenv@cocolog-nifty.com,Agender,134.81.71.147
861,Sholom,Medcalfe,smedcalfenw@flickr.com,Male,152.166.85.93
862,Toddy,Beausang,tbeausangnx@joomla.org,Male,179.206.68.64
863,Ellie,Harwin,eharwinny@ocn.ne.jp,Female,89.135.180.62
864,Woodman,Deeming,wdeemingnz@gizmodo.com,Male,108.216.64.159
865,Hiram,Belcham,hbelchamo0@macromedia.com,Genderqueer,15.26.149.161
866,Hinze,Lopes,hlopeso1@lycos.com,Male,170.160.51.190
867,Marlena,Stoneham,mstonehamo2@spotify.com,Polygender,47.207.210.69
868,Melosa,Gibbeson,mgibbesono3@goodreads.com,Non-binary,88.181.205.255
869,Elmore,Ebben,eebbeno4@reference.com,Male,170.153.119.189
870,Ashlee,Terrans,aterranso5@feedburner.com,Female,15.96.218.26
871,Eugine,Goodey,egoodeyo6@wikimedia.org,Genderqueer,109.254.46.162
872,Ash,Deverill,adeverillo7@exblog.jp,Male,182.210.231.70
873,Terri,Chatelain,tchatelaino8@guardian.co.uk,Male,224.47.221.173
874,Gradeigh,Stirley,gstirleyo9@simplemachines.org,Genderfluid,219.239.95.40
875,Viola,Pinckard,vpinckardoa@artisteer.com,Female,11.198.156.160
876,Ania,Bardnam,abardnamob@alibaba.com,Female,200.64.223.124
877,Kelwin,Purton,kpurtonoc@scribd.com,Male,185.58.1.231
878,Marni,Cordeux,mcordeuxod@sphinn.com,Female,151.124.41.97
879,Everard,Borleace,eborleaceoe@cbc.ca,Male,22.224.255.45
880,Margarethe,Cleynaert,mcleynaertof@marketwatch.com,Female,61.153.12.162
881,May,Briscoe,mbriscoeog@craigslist.org,Female,66.94.239.35
882,Yorke,Densun,ydensunoh@washingtonpost.com,Male,196.35.7.63
883,Carlen,Dellenbrook,cdellenbrookoi@instagram.com,Female,141.170.214.141
884,Sigismond,Block,sblockoj@cafepress.com,Male,60.0.235.230
885,Viole,Rigardeau,vrigardeauok@zimbio.com,Bigender,215.252.186.38
886,Gerek,Rubica,grubicaol@boston.com,Male,51.123.240.240
887,Aubrey,Nekrews,anekrewsom@npr.org,Non-binary,208.173.27.109
888,Lucky,Willars,lwillarson@businessweek.com,Female,169.159.97.137
889,Cornall,Mathwen,cmathwenoo@tinypic.com,Male,221.96.139.158
890,Kalinda,Boeter,kboeterop@dion.ne.jp,Female,73.133.233.251
891,Elizabeth,Saull,esaulloq@tinypic.com,Genderfluid,128.189.29.120
892,Octavius,Philbin,ophilbinor@go.com,Male,163.127.73.25
893,Talbot,Petteford,tpettefordos@google.es,Male,68.30.164.235
894,Frasco,Lodford,flodfordot@godaddy.com,Male,101.47.131.174
895,Willie,Farney,wfarneyou@multiply.com,Male,76.100.15.134
896,Jandy,Forre,jforreov@opensource.org,Female,97.208.103.140
897,Effie,Burrage,eburrageow@weibo.com,Bigender,68.177.76.200
898,Livvy,MacCarlich,lmaccarlichox@icio.us,Female,26.130.234.212
899,Ly,Brabbs,lbrabbsoy@opera.com,Male,35.89.173.95
900,Kathy,Beushaw,kbeushawoz@multiply.com,Polygender,30.151.240.242
901,Zia,Critzen,zcritzenp0@hc360.com,Female,37.217.181.153
902,Dyna,Bessell,dbessellp1@usgs.gov,Female,85.145.174.87
903,Rabi,Merali,rmeralip2@jiathis.com,Male,89.57.21.139
904,Thedrick,Niess,tniessp3@cloudflare.com,Male,6.31.112.64
905,Billi,Hasluck,bhasluckp4@businesswire.com,Female,14.129.211.94
906,Carey,Loache,cloachep5@bizjournals.com,Genderfluid,138.160.5.109
907,Bernardine,Booton,bbootonp6@google.co.jp,Genderfluid,170.213.134.56
908,Mandi,Timmes,mtimmesp7@wikipedia.org,Female,129.204.11.151
909,Milt,Irnis,mirnisp8@harvard.edu,Male,73.206.58.29
910,Onida,Arr,oarrp9@blogs.com,Female,88.105.111.198
911,Neils,Broadwood,nbroadwoodpa@joomla.org,Male,55.183.71.24
912,Jehu,Ledstone,jledstonepb@about.me,Male,61.162.227.213
913,Bryce,Coudray,bcoudraypc@linkedin.com,Male,84.142.70.208
914,Ban,Eckery,beckerypd@merriam-webster.com,Male,220.219.37.188
915,Lutero,Harler,lharlerpe@hhs.gov,Male,27.218.164.140
916,Malena,Dunican,mdunicanpf@slate.com,Female,159.104.59.60
917,Nonna,Leak,nleakpg@spiegel.de,Female,80.104.20.115
918,Koo,O'Bruen,kobruenph@surveymonkey.com,Female,143.79.143.229
919,Avictor,Aubray,aaubraypi@last.fm,Male,143.189.216.194
920,Dru,Clementson,dclementsonpj@multiply.com,Male,105.228.8.183
921,Egan,Lucken,eluckenpk@shinystat.com,Male,74.68.225.53
922,Kennan,Borit,kboritpl@mac.com,Male,166.107.143.39
923,Pietro,Element,pelementpm@newyorker.com,Male,154.173.122.85
924,Odella,Filippi,ofilippipn@ucoz.com,Female,252.0.119.89
925,Steve,Croad,scroadpo@salon.com,Agender,182.88.13.194
926,Eleanora,Marginson,emarginsonpp@va.gov,Female,94.110.106.233
927,Ringo,Gutowski,rgutowskipq@hubpages.com,Male,167.239.206.27
928,Gene,Jeannard,gjeannardpr@economist.com,Female,249.170.3.103
929,Rosaleen,Osler,roslerps@fastcompany.com,Female,136.194.160.150
930,Dorie,Wilson,dwilsonpt@t.co,Male,130.246.0.209
931,Jeffry,Canceller,jcancellerpu@jugem.jp,Male,202.201.116.139
932,Grazia,Duddy,gduddypv@google.ru,Female,244.24.182.144
933,Harland,MacElroy,hmacelroypw@cocolog-nifty.com,Male,176.157.62.85
934,Anna,Castelli,acastellipx@example.com,Female,169.57.100.123
935,Karil,Ginger,kgingerpy@elpais.com,Female,14.2.63.117
936,Gawain,Zoppo,gzoppopz@skype.com,Male,63.178.141.231
937,Orton,Dymick,odymickq0@marriott.com,Male,220.190.98.222
938,Torre,Lynds,tlyndsq1@typepad.com,Male,30.213.168.167
939,Katerine,Georger,kgeorgerq2@wisc.edu,Female,149.143.111.32
940,Marne,Buessen,mbuessenq3@multiply.com,Female,221.225.125.70
941,Patin,Fellon,pfellonq4@tinypic.com,Male,72.233.61.235
942,Morrie,Raffon,mraffonq5@cnn.com,Male,71.238.77.249
943,Lorraine,Fellibrand,lfellibrandq6@vimeo.com,Bigender,77.11.116.34
944,Kiel,Cordeix,kcordeixq7@vk.com,Male,57.44.108.155
945,Anthe,Chastagnier,achastagnierq8@miibeian.gov.cn,Female,26.144.222.38
946,Art,Genner,agennerq9@adobe.com,Male,234.158.141.167
947,Valery,O'Sherrin,vosherrinqa@yelp.com,Female,108.153.142.194
948,Laurena,Kleinbaum,lkleinbaumqb@de.vu,Female,234.88.85.103
949,Eimile,Ohm,eohmqc@surveymonkey.com,Genderqueer,26.69.251.79
950,Orelee,Piggford,opiggfordqd@virginia.edu,Female,139.119.167.28
951,Olivette,Egglestone,oegglestoneqe@google.nl,Female,66.199.231.56
952,Ranee,Frapwell,rfrapwellqf@plala.or.jp,Bigender,45.43.131.124
953,Dukey,Chapling,dchaplingqg@yellowpages.com,Male,191.147.214.57
954,Troy,Axcell,taxcellqh@1688.com,Male,168.242.244.61
955,Errol,Jurzyk,ejurzykqi@scribd.com,Male,204.63.233.29
956,Rossy,Nickerson,rnickersonqj@typepad.com,Male,228.218.53.93
957,Madeline,Reinisch,mreinischqk@imgur.com,Female,153.22.66.39
958,Carly,Barton,cbartonql@yahoo.com,Male,52.123.183.10
959,Bianca,Rhys,brhysqm@sun.com,Female,101.139.198.209
960,Paxon,Denys,pdenysqn@linkedin.com,Male,124.71.194.205
961,Bradney,Messer,bmesserqo@umn.edu,Male,48.166.35.29
962,Frazier,Prater,fpraterqp@webmd.com,Non-binary,153.152.43.9
963,Nance,Bestman,nbestmanqq@gnu.org,Female,94.43.86.109
964,Terry,Pawnsford,tpawnsfordqr@woothemes.com,Male,251.116.0.72
965,Tracy,Tellenbrook,ttellenbrookqs@spotify.com,Non-binary,205.171.95.11
966,Chandler,Welberry,cwelberryqt@twitpic.com,Male,220.220.191.4
967,Norma,Bollis,nbollisqu@cam.ac.uk,Female,110.32.104.160
968,Chloris,Hazlehurst,chazlehurstqv@cdbaby.com,Female,196.156.247.25
969,Lilith,Brognot,lbrognotqw@imgur.com,Female,199.0.171.114
970,Mitchell,Fieldsend,mfieldsendqx@biblegateway.com,Male,80.79.84.241
971,Celestine,McCrory,cmccroryqy@miitbeian.gov.cn,Female,167.54.255.85
972,Dex,Spurway,dspurwayqz@google.es,Male,47.163.80.214
973,Reeva,Cayton,rcaytonr0@umich.edu,Female,251.232.248.232
974,Silvano,Tourville,stourviller1@1und1.de,Male,5.43.88.206
975,Desmond,Cookson,dcooksonr2@whitehouse.gov,Male,206.146.216.137
976,Babbie,Sackur,bsackurr3@theatlantic.com,Female,196.172.166.23
977,Delcina,Surman-Wells,dsurmanwellsr4@skype.com,Female,38.28.161.159
978,Aurlie,Maypowder,amaypowderr5@exblog.jp,Female,234.191.102.106
979,Willi,Gallego,wgallegor6@huffingtonpost.com,Male,195.172.223.165
980,Niel,Skoate,nskoater7@amazon.de,Genderfluid,17.67.175.181
981,Kin,Chyuerton,kchyuertonr8@purevolume.com,Male,220.127.85.13
982,Fred,Jakobssen,fjakobssenr9@cnet.com,Female,130.252.144.251
983,Delphine,Gemelli,dgemellira@usda.gov,Female,95.129.209.233
984,Zack,Bianco,zbiancorb@quantcast.com,Male,77.132.242.186
985,Edyth,Feige,efeigerc@bravesites.com,Female,118.32.40.3
986,Archaimbaud,Shillom,ashillomrd@marriott.com,Male,75.150.191.250
987,Welby,Reasun,wreasunre@g.co,Male,28.98.104.216
988,Rayna,Rishworth,rrishworthrf@sun.com,Female,163.216.158.15
989,Jeddy,Lightwood,jlightwoodrg@skyrock.com,Male,250.92.220.61
990,Mommy,Bouldon,mbouldonrh@github.com,Female,138.197.191.149
991,Wallache,Maykin,wmaykinri@netvibes.com,Bigender,81.170.121.220
992,Sheffield,Callery,scalleryrj@bbb.org,Male,122.125.179.0
993,Dorothy,Nibley,dnibleyrk@eepurl.com,Female,156.135.85.48
994,Therese,Markova,tmarkovarl@mit.edu,Female,205.121.159.124
995,Ivy,Bebis,ibebisrm@seattletimes.com,Female,74.149.15.172
996,My,Leal,mlealrn@wordpress.com,Male,41.105.204.192
997,Babbie,Minget,bmingetro@guardian.co.uk,Female,135.230.135.41
998,Stephenie,Ca,scarp@ebay.com,Female,141.18.183.192
999,Davidde,Appleby,dapplebyrq@intel.com,Male,96.81.215.39
1000,Juli,Rittelmeyer,jrittelmeyerrr@51.la,Female,64.233.219.232
